{
  "archetype": "Spreadsheet Liar",
  "scores": {
    "overconfidence": 0.8613211382113821,
    "chaos_addiction": 0.08828571428571429,
    "brand_bias": 0.6213492063492064,
    "narrative_bias": 0.5555238095238095,
    "collapse_risk": 0.5260188933873149
  },
  "reasons": [
    "You avoided upsets like they were a malware attachment.",
    "Your confidence is louder than your math."
  ]
}