{
  "archetype": "Spreadsheet Liar",
  "scores": {
    "overconfidence": 0.8059320987654321,
    "chaos_addiction": 0.08807142857142859,
    "brand_bias": 0.6124603174603175,
    "narrative_bias": 0.5466666666666666,
    "collapse_risk": 0.5402547233468291
  },
  "reasons": [
    "You avoided upsets like they were a malware attachment.",
    "Your confidence is louder than your math."
  ]
}